{
  "descriptive": {
    "AERIS": {
      "pdr": {
        "mean": 1.0,
        "ci95": 0.0,
        "std": 0.0,
        "min": 1.0,
        "max": 1.0,
        "median": 1.0,
        "n": 1000
      },
      "energy": {
        "mean": 78.50515541448837,
        "ci95": 0.019834464331321598,
        "std": 0.3198505845430289,
        "n": 1000
      }
    },
    "LEACH": {
      "pdr": {
        "mean": 0.8689533942944198,
        "ci95": 0.0006502023204783843,
        "std": 0.010485163037543337,
        "min": 0.8342379504993487,
        "max": 0.8982898289828983,
        "median": 0.8688632803185108,
        "n": 1000
      },
      "energy": {
        "mean": 132.54512969204495,
        "ci95": 0.30668411582002775,
        "std": 4.9455882486422444,
        "n": 1000
      }
    },
    "PEGASIS": {
      "pdr": {
        "mean": 0.979035,
        "ci95": 0.0006394835300656507,
        "std": 0.01031231181646483,
        "min": 0.94,
        "max": 1.0,
        "median": 0.98,
        "n": 1000
      },
      "energy": {
        "mean": 44.86844664450938,
        "ci95": 0.03593736885228418,
        "std": 0.5795260331880934,
        "n": 1000
      }
    },
    "HEED": {
      "pdr": {
        "mean": 0.8709921771188358,
        "ci95": 0.0007518439162291955,
        "std": 0.012124235475887181,
        "min": 0.8272235270090881,
        "max": 0.916266694490818,
        "median": 0.8717151530176094,
        "n": 1000
      },
      "energy": {
        "mean": 93.74323506204549,
        "ci95": 0.2726216688092036,
        "std": 4.396297206273463,
        "n": 1000
      }
    },
    "TEEN": {
      "pdr": {
        "mean": 0.8783634220387145,
        "ci95": 0.000710440821478967,
        "std": 0.011456569143359175,
        "min": 0.8400914136467516,
        "max": 0.9156871757830455,
        "median": 0.8781601983652019,
        "n": 1000
      },
      "energy": {
        "mean": 134.81228730500146,
        "ci95": 0.3515415746666834,
        "std": 5.668959658807354,
        "n": 1000
      }
    }
  },
  "bootstrap": {
    "AERIS": {
      "pdr_boot_ci_lower": 1.0,
      "pdr_boot_ci_upper": 1.0
    },
    "LEACH": {
      "pdr_boot_ci_lower": 0.8683072177995558,
      "pdr_boot_ci_upper": 0.8695915439390449
    },
    "PEGASIS": {
      "pdr_boot_ci_lower": 0.9784648749999999,
      "pdr_boot_ci_upper": 0.9796699999999999
    },
    "HEED": {
      "pdr_boot_ci_lower": 0.8702103960681556,
      "pdr_boot_ci_upper": 0.8717523085439668
    },
    "TEEN": {
      "pdr_boot_ci_lower": 0.8776771115895796,
      "pdr_boot_ci_upper": 0.8790551656514983
    }
  },
  "comparisons": {
    "AERIS_vs_LEACH": {
      "pdr_delta": 0.13104660570558024,
      "pdr_delta_pp": 13.104660570558025,
      "p_value": 0.0,
      "cohens_d": 17.666411033134434,
      "significant_0001": "True",
      "significant_001": "True",
      "significant_005": "True"
    },
    "AERIS_vs_PEGASIS": {
      "pdr_delta": 0.02096500000000001,
      "pdr_delta_pp": 2.096500000000001,
      "p_value": 0.0,
      "cohens_d": 2.8736678701076785,
      "significant_0001": "True",
      "significant_001": "True",
      "significant_005": "True"
    },
    "AERIS_vs_HEED": {
      "pdr_delta": 0.1290078228811642,
      "pdr_delta_pp": 12.90078228811642,
      "p_value": 0.0,
      "cohens_d": 15.040401352321394,
      "significant_0001": "True",
      "significant_001": "True",
      "significant_005": "True"
    },
    "AERIS_vs_TEEN": {
      "pdr_delta": 0.12163657796128546,
      "pdr_delta_pp": 12.163657796128547,
      "p_value": 0.0,
      "cohens_d": 15.007465543973709,
      "significant_0001": "True",
      "significant_001": "True",
      "significant_005": "True"
    }
  }
}