{
  "AERIS": {
    "extreme_sparse": {
      "pdr": {
        "mean": 1.0,
        "ci95": 0.0
      },
      "energy": {
        "mean": 53.57501613993932,
        "ci95": 0.975256355431994
      },
      "n": 50
    },
    "extreme_dense": {
      "pdr": {
        "mean": 1.0,
        "ci95": 0.0
      },
      "energy": {
        "mean": 385.4018295224406,
        "ci95": 0.1766430651798777
      },
      "n": 50
    },
    "ultra_large": {
      "pdr": {
        "mean": 1.0,
        "ci95": 0.0
      },
      "energy": {
        "mean": 1151.5772309886288,
        "ci95": 9.625284892325011
      },
      "n": 50
    },
    "narrow_corridor": {
      "pdr": {
        "mean": 1.0,
        "ci95": 0.0
      },
      "energy": {
        "mean": 163.36634469781396,
        "ci95": 0.2686068869759761
      },
      "n": 50
    },
    "scattered_clusters": {
      "pdr": {
        "mean": 1.0,
        "ci95": 0.0
      },
      "energy": {
        "mean": 300.12244905763856,
        "ci95": 4.856405379298183
      },
      "n": 50
    },
    "diagonal_chain": {
      "pdr": {
        "mean": 1.0,
        "ci95": 0.0
      },
      "energy": {
        "mean": 131.29040116492538,
        "ci95": 0.21960120578573497
      },
      "n": 50
    },
    "ring_topology": {
      "pdr": {
        "mean": 1.0,
        "ci95": 0.0
      },
      "energy": {
        "mean": 78.15045094634922,
        "ci95": 0.054909901641403816
      },
      "n": 50
    }
  },
  "LEACH": {
    "extreme_sparse": {
      "pdr": {
        "mean": 0.8039317835807445,
        "ci95": 0.012304813059201756
      },
      "energy": {
        "mean": 55.76511389218791,
        "ci95": 0.5501855967629421
      },
      "n": 50
    },
    "extreme_dense": {
      "pdr": {
        "mean": 0.937400999823444,
        "ci95": 0.0005926650878158709
      },
      "energy": {
        "mean": 435.38515583156897,
        "ci95": 2.312181374535682
      },
      "n": 50
    },
    "ultra_large": {
      "pdr": {
        "mean": 0.7751736051281551,
        "ci95": 0.0017662491825439287
      },
      "energy": {
        "mean": 1710.2204511584036,
        "ci95": 4.7787968758154395
      },
      "n": 50
    },
    "narrow_corridor": {
      "pdr": {
        "mean": 0.8755872710031568,
        "ci95": 0.002051384027979937
      },
      "energy": {
        "mean": 254.22680635755518,
        "ci95": 2.0062195818577364
      },
      "n": 50
    },
    "scattered_clusters": {
      "pdr": {
        "mean": 0.8121643972536416,
        "ci95": 0.007302697736338664
      },
      "energy": {
        "mean": 478.59131160240827,
        "ci95": 9.916363544222527
      },
      "n": 50
    },
    "diagonal_chain": {
      "pdr": {
        "mean": 0.8695984265811633,
        "ci95": 0.0015621104006097463
      },
      "energy": {
        "mean": 195.88375503963616,
        "ci95": 0.6930043896492952
      },
      "n": 50
    },
    "ring_topology": {
      "pdr": {
        "mean": 0.8649893564568224,
        "ci95": 0.0019810051215392974
      },
      "energy": {
        "mean": 134.32620323410873,
        "ci95": 0.4939680301396664
      },
      "n": 50
    }
  },
  "PEGASIS": {
    "extreme_sparse": {
      "pdr": {
        "mean": 0.9005929998824928,
        "ci95": 0.005952664801126906
      },
      "energy": {
        "mean": 38.20350688441172,
        "ci95": 0.9330222825104998
      },
      "n": 50
    },
    "extreme_dense": {
      "pdr": {
        "mean": 0.9929000000000001,
        "ci95": 0.0015359218730130787
      },
      "energy": {
        "mean": 269.90263977482596,
        "ci95": 0.14309856249829628
      },
      "n": 50
    },
    "ultra_large": {
      "pdr": {
        "mean": 0.9357,
        "ci95": 0.011524338766280688
      },
      "energy": {
        "mean": 490.2714486390508,
        "ci95": 6.291338314030367
      },
      "n": 50
    },
    "narrow_corridor": {
      "pdr": {
        "mean": 0.9793,
        "ci95": 0.0026858116091788738
      },
      "energy": {
        "mean": 83.56215452440848,
        "ci95": 0.12415724834355614
      },
      "n": 50
    },
    "scattered_clusters": {
      "pdr": {
        "mean": 0.9544,
        "ci95": 0.005137370533648509
      },
      "energy": {
        "mean": 153.21335074880992,
        "ci95": 1.0034946319455857
      },
      "n": 50
    },
    "diagonal_chain": {
      "pdr": {
        "mean": 0.9802,
        "ci95": 0.0022217254555862674
      },
      "energy": {
        "mean": 68.69500347630827,
        "ci95": 0.2220311463594904
      },
      "n": 50
    },
    "ring_topology": {
      "pdr": {
        "mean": 0.9764,
        "ci95": 0.00262722971968574
      },
      "energy": {
        "mean": 44.907457916118766,
        "ci95": 0.1473428399516179
      },
      "n": 50
    }
  }
}