{
  "AERIS": {
    "pdr": {
      "mean": 1.0,
      "ci95": 0.0,
      "values": [
        1.0,
        1.0,
        1.0,
        1.0,
        1.0,
        1.0,
        1.0,
        1.0,
        1.0,
        1.0,
        1.0,
        1.0,
        1.0,
        1.0,
        1.0,
        1.0,
        1.0,
        1.0,
        1.0,
        1.0,
        1.0,
        1.0,
        1.0,
        1.0,
        1.0,
        1.0,
        1.0,
        1.0,
        1.0,
        1.0,
        1.0,
        1.0,
        1.0,
        1.0,
        1.0,
        1.0,
        1.0,
        1.0,
        1.0,
        1.0,
        1.0,
        1.0,
        1.0,
        1.0,
        1.0,
        1.0,
        1.0,
        1.0,
        1.0,
        1.0,
        1.0,
        1.0,
        1.0,
        1.0,
        1.0,
        1.0,
        1.0,
        1.0,
        1.0,
        1.0,
        1.0,
        1.0,
        1.0,
        1.0,
        1.0,
        1.0,
        1.0,
        1.0,
        1.0,
        1.0,
        1.0,
        1.0,
        1.0,
        1.0,
        1.0,
        1.0,
        1.0,
        1.0,
        1.0,
        1.0,
        1.0,
        1.0,
        1.0,
        1.0,
        1.0,
        1.0,
        1.0,
        1.0,
        1.0,
        1.0,
        1.0,
        1.0,
        1.0,
        1.0,
        1.0,
        1.0,
        1.0,
        1.0,
        1.0,
        1.0
      ]
    },
    "energy": {
      "mean": 41.25243075668609,
      "ci95": 0.02110036233156435
    },
    "n": 100
  },
  "LEACH": {
    "pdr": {
      "mean": 0.9584892514434241,
      "ci95": 0.0012310901764443294,
      "values": [
        0.9670015760441293,
        0.9619984567901234,
        0.9646112080667054,
        0.9611208066705449,
        0.9589668615984406,
        0.9618851655888693,
        0.9597634283498158,
        0.9611899133175729,
        0.9691038188447515,
        0.9541310541310541,
        0.9550682261208577,
        0.9567578049253442,
        0.9588155864197531,
        0.9573780129335685,
        0.9647581254724111,
        0.9565638937366686,
        0.9362803663878932,
        0.9608378870673953,
        0.9628679962013296,
        0.9469201822142999,
        0.9700551615445232,
        0.9519890260631001,
        0.9594725615668024,
        0.9619183285849953,
        0.9642114024136496,
        0.9568865740740741,
        0.9591447117220313,
        0.959909377462569,
        0.9598440545808967,
        0.9496800465386853,
        0.9599884858952217,
        0.9651416122004357,
        0.9573573573573574,
        0.9621791103272584,
        0.9615912208504801,
        0.9531189083820663,
        0.9590436997844405,
        0.9672672672672673,
        0.9498207885304659,
        0.9539049919484702,
        0.9454039531759739,
        0.9530285493827161,
        0.9471734892787524,
        0.961682427107959,
        0.9683641975308642,
        0.9623842592592593,
        0.9643274853801169,
        0.9612358472462099,
        0.9484196238122939,
        0.9606128971611205,
        0.9550949913644214,
        0.959008487654321,
        0.9651416122004357,
        0.9546058879392213,
        0.9574548907882241,
        0.9572498029944838,
        0.9589877835951134,
        0.959378733572282,
        0.9666666666666667,
        0.9627638391079252,
        0.9636416521233275,
        0.9480506822612086,
        0.9541859567901234,
        0.9618794326241135,
        0.9438438438438439,
        0.9691027926322044,
        0.9606606606606607,
        0.9583573210516215,
        0.9550126042272639,
        0.9507797270955166,
        0.952521670606777,
        0.9532163742690059,
        0.9579992363497518,
        0.9641264300950165,
        0.9611899133175729,
        0.9609583810614738,
        0.9631558641975309,
        0.9612358472462099,
        0.9594969300851653,
        0.9505505505505506,
        0.9634528708602783,
        0.9649225945522242,
        0.9585030056234245,
        0.9605516975308642,
        0.9606720122184039,
        0.9634502923976608,
        0.9559821601706419,
        0.9586969168121,
        0.9501350308641975,
        0.9545365471291397,
        0.9509691038188447,
        0.9475308641975309,
        0.9614035087719298,
        0.9552631578947368,
        0.9537037037037037,
        0.9667050470159279,
        0.9581151832460733,
        0.9748949980908744,
        0.9606730386300278,
        0.9512670565302144
      ]
    },
    "energy": {
      "mean": 41.58155977228034,
      "ci95": 0.17738152782828526
    },
    "n": 100
  },
  "PEGASIS": {
    "pdr": {
      "mean": 0.9958999999999999,
      "ci95": 0.0008960220956871528,
      "values": [
        0.985,
        0.995,
        0.995,
        1.0,
        0.99,
        0.985,
        1.0,
        0.99,
        1.0,
        0.995,
        0.995,
        0.99,
        0.995,
        1.0,
        0.995,
        1.0,
        0.99,
        1.0,
        1.0,
        0.995,
        0.985,
        0.995,
        1.0,
        1.0,
        0.995,
        0.99,
        0.995,
        0.995,
        0.995,
        1.0,
        0.995,
        0.99,
        0.995,
        1.0,
        0.99,
        1.0,
        1.0,
        0.99,
        0.995,
        0.995,
        1.0,
        1.0,
        1.0,
        0.99,
        1.0,
        0.995,
        1.0,
        0.995,
        1.0,
        1.0,
        1.0,
        0.995,
        0.995,
        1.0,
        0.995,
        0.985,
        1.0,
        1.0,
        0.985,
        0.985,
        1.0,
        1.0,
        1.0,
        1.0,
        0.99,
        1.0,
        1.0,
        1.0,
        1.0,
        1.0,
        1.0,
        1.0,
        0.995,
        0.99,
        0.995,
        1.0,
        1.0,
        1.0,
        1.0,
        1.0,
        1.0,
        1.0,
        0.995,
        0.995,
        0.985,
        0.995,
        0.995,
        0.995,
        0.995,
        0.995,
        0.99,
        0.995,
        0.995,
        0.995,
        0.995,
        0.995,
        0.99,
        1.0,
        1.0,
        1.0
      ]
    },
    "energy": {
      "mean": 22.23188456631996,
      "ci95": 0.02240350807878468
    },
    "n": 100
  },
  "HEED": {
    "pdr": {
      "mean": 0.9601287037037036,
      "ci95": 0.0021701659234308612,